{
  "project": {
    "overview": "AI-powered task automation platform that helps teams eliminate repetitive work and focus on high-value activities. Built now because remote work has made efficiency critical and AI technology is finally mature enough for reliable automation.",
    "target_users": "Busy professionals and small teams who struggle with repetitive manual processes, poor tool integration, and time-consuming administrative tasks.",
    "value_prop": "We automate your boring work so you can focus on what actually matters and drives results.",
    "goals": [
      "Increase productivity by 40%, Save 10 hours per week per user, Launch MVP in 3 months"
    ],
    "constraints": "$50K development budget, 3 month timeline, Node.js and React technology stack",
    "compliance": "GDPR compliance for EU users, SOC2 for enterprise clients",
    "risks": [
      "Low user adoption risk, Technical complexity challenges, Market competition from established players"
    ],
    "assumptions": [
      "Users genuinely want automation, Technical team has required skills, Strong market demand exists"
    ],
    "acceptance": "Measurable productivity gains, Positive user feedback scores above 4.0, Monthly recurring revenue targets achieved"
  }
}